[
  {
    "developer": "0838884567",
    "recipient": "+27834557896",
    "message": "Did you get the cake?",
    "flag": "SENT"
  },
  {
    "developer": null,
    "recipient": "+27838884567",
    "message": "Where are you? You are late! I have asked you to be on time.",
    "flag": "STORED"
  },
  {
    "developer": null,
    "recipient": "+27834484567",
    "message": "Yohoooo, I am at your gate.",
    "flag": "DISREGARD"
  },
  {
    "developer": "0838884567",
    "recipient": "+27838884567",
    "message": "It is dinner time!",
    "flag": "SENT"
  },
  {
    "developer": null,
    "recipient": "+27838884567",
    "message": "Ok, I am leaving without you.",
    "flag": "SENT"
  }
]